<annotation>
    <folder>Umbrella</folder>
    <filename>img-177.jpg</filename>
    <size>
        <width>1024</width>
        <height>641</height>
        <depth>3</depth>
    </size>
    <segmented>0</segmented>
    <object>
        <name>Umbrella</name>
        <pose>Unspecified</pose>
        <truncated>0</truncated>
        <occluded>0</occluded>
        <difficult>0</difficult>
        <bndbox>
            <xmin>634</xmin>
            <ymin>58</ymin>
            <xmax>907</xmax>
            <ymax>375</ymax>
        </bndbox>
    </object>
    <object>
        <name>Umbrella</name>
        <pose>Unspecified</pose>
        <truncated>0</truncated>
        <occluded>0</occluded>
        <difficult>0</difficult>
        <bndbox>
            <xmin>146</xmin>
            <ymin>95</ymin>
            <xmax>583</xmax>
            <ymax>381</ymax>
        </bndbox>
    </object>
</annotation>