<annotation>
    <folder>Umbrella</folder>
    <filename>img-195.jpg</filename>
    <size>
        <width>1024</width>
        <height>683</height>
        <depth>3</depth>
    </size>
    <segmented>0</segmented>
    <object>
        <name>Umbrella</name>
        <pose>Unspecified</pose>
        <truncated>0</truncated>
        <occluded>0</occluded>
        <difficult>0</difficult>
        <bndbox>
            <xmin>516</xmin>
            <ymin>184</ymin>
            <xmax>712</xmax>
            <ymax>262</ymax>
        </bndbox>
    </object>
    <object>
        <name>Umbrella</name>
        <pose>Unspecified</pose>
        <truncated>0</truncated>
        <occluded>0</occluded>
        <difficult>0</difficult>
        <bndbox>
            <xmin>605</xmin>
            <ymin>232</ymin>
            <xmax>813</xmax>
            <ymax>326</ymax>
        </bndbox>
    </object>
</annotation>