<annotation>
    <folder>Umbrella</folder>
    <filename>img-4.jpg</filename>
    <size>
        <width>1024</width>
        <height>737</height>
        <depth>3</depth>
    </size>
    <segmented>0</segmented>
    <object>
        <name>Umbrella</name>
        <pose>Unspecified</pose>
        <truncated>0</truncated>
        <occluded>0</occluded>
        <difficult>0</difficult>
        <bndbox>
            <xmin>728</xmin>
            <ymin>168</ymin>
            <xmax>837</xmax>
            <ymax>222</ymax>
        </bndbox>
    </object>
    <object>
        <name>Umbrella</name>
        <pose>Unspecified</pose>
        <truncated>0</truncated>
        <occluded>0</occluded>
        <difficult>0</difficult>
        <bndbox>
            <xmin>263</xmin>
            <ymin>108</ymin>
            <xmax>649</xmax>
            <ymax>248</ymax>
        </bndbox>
    </object>
</annotation>