<annotation>
    <folder>Umbrella</folder>
    <filename>img-266.jpg</filename>
    <size>
        <width>1024</width>
        <height>743</height>
        <depth>3</depth>
    </size>
    <segmented>0</segmented>
    <object>
        <name>Umbrella</name>
        <pose>Unspecified</pose>
        <truncated>0</truncated>
        <occluded>0</occluded>
        <difficult>0</difficult>
        <bndbox>
            <xmin>199</xmin>
            <ymin>17</ymin>
            <xmax>848</xmax>
            <ymax>311</ymax>
        </bndbox>
    </object>
</annotation>