<annotation>
    <folder>Umbrella</folder>
    <filename>img-160.jpg</filename>
    <size>
        <width>1024</width>
        <height>683</height>
        <depth>3</depth>
    </size>
    <segmented>0</segmented>
    <object>
        <name>Umbrella</name>
        <pose>Unspecified</pose>
        <truncated>0</truncated>
        <occluded>0</occluded>
        <difficult>0</difficult>
        <bndbox>
            <xmin>358</xmin>
            <ymin>260</ymin>
            <xmax>619</xmax>
            <ymax>364</ymax>
        </bndbox>
    </object>
    <object>
        <name>Umbrella</name>
        <pose>Unspecified</pose>
        <truncated>0</truncated>
        <occluded>0</occluded>
        <difficult>0</difficult>
        <bndbox>
            <xmin>61</xmin>
            <ymin>76</ymin>
            <xmax>507</xmax>
            <ymax>272</ymax>
        </bndbox>
    </object>
</annotation>