<annotation>
    <folder>Umbrella</folder>
    <filename>img-163.jpg</filename>
    <size>
        <width>768</width>
        <height>960</height>
        <depth>3</depth>
    </size>
    <segmented>0</segmented>
    <object>
        <name>Umbrella</name>
        <pose>Unspecified</pose>
        <truncated>0</truncated>
        <occluded>0</occluded>
        <difficult>0</difficult>
        <bndbox>
            <xmin>3</xmin>
            <ymin>15</ymin>
            <xmax>251</xmax>
            <ymax>164</ymax>
        </bndbox>
    </object>
</annotation>