<annotation>
    <folder>Umbrella</folder>
    <filename>img-267.jpg</filename>
    <size>
        <width>768</width>
        <height>869</height>
        <depth>3</depth>
    </size>
    <segmented>0</segmented>
    <object>
        <name>Umbrella</name>
        <pose>Unspecified</pose>
        <truncated>0</truncated>
        <occluded>0</occluded>
        <difficult>0</difficult>
        <bndbox>
            <xmin>204</xmin>
            <ymin>238</ymin>
            <xmax>693</xmax>
            <ymax>464</ymax>
        </bndbox>
    </object>
</annotation>