<annotation>
    <folder>Umbrella</folder>
    <filename>img-87.jpg</filename>
    <size>
        <width>1024</width>
        <height>768</height>
        <depth>3</depth>
    </size>
    <segmented>0</segmented>
    <object>
        <name>Umbrella</name>
        <pose>Unspecified</pose>
        <truncated>0</truncated>
        <occluded>0</occluded>
        <difficult>0</difficult>
        <bndbox>
            <xmin>295</xmin>
            <ymin>185</ymin>
            <xmax>469</xmax>
            <ymax>324</ymax>
        </bndbox>
    </object>
    <object>
        <name>Umbrella</name>
        <pose>Unspecified</pose>
        <truncated>0</truncated>
        <occluded>0</occluded>
        <difficult>0</difficult>
        <bndbox>
            <xmin>469</xmin>
            <ymin>184</ymin>
            <xmax>641</xmax>
            <ymax>330</ymax>
        </bndbox>
    </object>
</annotation>