<annotation>
    <folder>Umbrella</folder>
    <filename>img-17.jpg</filename>
    <size>
        <width>1024</width>
        <height>699</height>
        <depth>3</depth>
    </size>
    <segmented>0</segmented>
    <object>
        <name>Umbrella</name>
        <pose>Unspecified</pose>
        <truncated>0</truncated>
        <occluded>0</occluded>
        <difficult>0</difficult>
        <bndbox>
            <xmin>125</xmin>
            <ymin>532</ymin>
            <xmax>330</xmax>
            <ymax>596</ymax>
        </bndbox>
    </object>
    <object>
        <name>Umbrella</name>
        <pose>Unspecified</pose>
        <truncated>0</truncated>
        <occluded>0</occluded>
        <difficult>0</difficult>
        <bndbox>
            <xmin>798</xmin>
            <ymin>529</ymin>
            <xmax>1017</xmax>
            <ymax>602</ymax>
        </bndbox>
    </object>
    <object>
        <name>Umbrella</name>
        <pose>Unspecified</pose>
        <truncated>0</truncated>
        <occluded>0</occluded>
        <difficult>0</difficult>
        <bndbox>
            <xmin>580</xmin>
            <ymin>530</ymin>
            <xmax>777</xmax>
            <ymax>602</ymax>
        </bndbox>
    </object>
    <object>
        <name>Umbrella</name>
        <pose>Unspecified</pose>
        <truncated>0</truncated>
        <occluded>0</occluded>
        <difficult>0</difficult>
        <bndbox>
            <xmin>353</xmin>
            <ymin>536</ymin>
            <xmax>524</xmax>
            <ymax>599</ymax>
        </bndbox>
    </object>
</annotation>