<annotation>
    <folder>Umbrella</folder>
    <filename>img-283.jpg</filename>
    <size>
        <width>1024</width>
        <height>768</height>
        <depth>3</depth>
    </size>
    <segmented>0</segmented>
    <object>
        <name>Umbrella</name>
        <pose>Unspecified</pose>
        <truncated>0</truncated>
        <occluded>0</occluded>
        <difficult>0</difficult>
        <bndbox>
            <xmin>179</xmin>
            <ymin>403</ymin>
            <xmax>283</xmax>
            <ymax>457</ymax>
        </bndbox>
    </object>
</annotation>