<annotation>
    <folder>Umbrella</folder>
    <filename>img-217.jpg</filename>
    <size>
        <width>768</width>
        <height>1024</height>
        <depth>3</depth>
    </size>
    <segmented>0</segmented>
    <object>
        <name>Umbrella</name>
        <pose>Unspecified</pose>
        <truncated>0</truncated>
        <occluded>0</occluded>
        <difficult>0</difficult>
        <bndbox>
            <xmin>321</xmin>
            <ymin>176</ymin>
            <xmax>637</xmax>
            <ymax>336</ymax>
        </bndbox>
    </object>
    <object>
        <name>Umbrella</name>
        <pose>Unspecified</pose>
        <truncated>0</truncated>
        <occluded>0</occluded>
        <difficult>0</difficult>
        <bndbox>
            <xmin>66</xmin>
            <ymin>229</ymin>
            <xmax>315</xmax>
            <ymax>328</ymax>
        </bndbox>
    </object>
</annotation>