<annotation>
    <folder>Umbrella</folder>
    <filename>img-121.jpg</filename>
    <size>
        <width>1024</width>
        <height>685</height>
        <depth>3</depth>
    </size>
    <segmented>0</segmented>
    <object>
        <name>Umbrella</name>
        <pose>Unspecified</pose>
        <truncated>0</truncated>
        <occluded>0</occluded>
        <difficult>0</difficult>
        <bndbox>
            <xmin>697</xmin>
            <ymin>136</ymin>
            <xmax>1024</xmax>
            <ymax>335</ymax>
        </bndbox>
    </object>
    <object>
        <name>Umbrella</name>
        <pose>Unspecified</pose>
        <truncated>0</truncated>
        <occluded>0</occluded>
        <difficult>0</difficult>
        <bndbox>
            <xmin>229</xmin>
            <ymin>59</ymin>
            <xmax>736</xmax>
            <ymax>349</ymax>
        </bndbox>
    </object>
</annotation>