<annotation>
    <folder>Umbrella</folder>
    <filename>img-210.jpg</filename>
    <size>
        <width>1024</width>
        <height>768</height>
        <depth>3</depth>
    </size>
    <segmented>0</segmented>
    <object>
        <name>Umbrella</name>
        <pose>Unspecified</pose>
        <truncated>0</truncated>
        <occluded>0</occluded>
        <difficult>0</difficult>
        <bndbox>
            <xmin>757</xmin>
            <ymin>344</ymin>
            <xmax>967</xmax>
            <ymax>436</ymax>
        </bndbox>
    </object>
    <object>
        <name>Umbrella</name>
        <pose>Unspecified</pose>
        <truncated>0</truncated>
        <occluded>0</occluded>
        <difficult>0</difficult>
        <bndbox>
            <xmin>10</xmin>
            <ymin>262</ymin>
            <xmax>502</xmax>
            <ymax>468</ymax>
        </bndbox>
    </object>
</annotation>