<annotation>
    <folder>Umbrella</folder>
    <filename>img-255.jpg</filename>
    <size>
        <width>1024</width>
        <height>683</height>
        <depth>3</depth>
    </size>
    <segmented>0</segmented>
    <object>
        <name>Umbrella</name>
        <pose>Unspecified</pose>
        <truncated>0</truncated>
        <occluded>0</occluded>
        <difficult>0</difficult>
        <bndbox>
            <xmin>227</xmin>
            <ymin>123</ymin>
            <xmax>635</xmax>
            <ymax>527</ymax>
        </bndbox>
    </object>
</annotation>