<annotation>
    <folder>Umbrella</folder>
    <filename>img-199.jpg</filename>
    <size>
        <width>1024</width>
        <height>768</height>
        <depth>3</depth>
    </size>
    <segmented>0</segmented>
    <object>
        <name>Umbrella</name>
        <pose>Unspecified</pose>
        <truncated>0</truncated>
        <occluded>0</occluded>
        <difficult>0</difficult>
        <bndbox>
            <xmin>270</xmin>
            <ymin>9</ymin>
            <xmax>1024</xmax>
            <ymax>290</ymax>
        </bndbox>
    </object>
</annotation>