<annotation>
    <folder>Umbrella</folder>
    <filename>img-104.jpg</filename>
    <size>
        <width>1024</width>
        <height>731</height>
        <depth>3</depth>
    </size>
    <segmented>0</segmented>
    <object>
        <name>Umbrella</name>
        <pose>Unspecified</pose>
        <truncated>0</truncated>
        <occluded>0</occluded>
        <difficult>0</difficult>
        <bndbox>
            <xmin>642</xmin>
            <ymin>209</ymin>
            <xmax>1009</xmax>
            <ymax>348</ymax>
        </bndbox>
    </object>
    <object>
        <name>Umbrella</name>
        <pose>Unspecified</pose>
        <truncated>0</truncated>
        <occluded>0</occluded>
        <difficult>0</difficult>
        <bndbox>
            <xmin>8</xmin>
            <ymin>196</ymin>
            <xmax>469</xmax>
            <ymax>367</ymax>
        </bndbox>
    </object>
</annotation>