<annotation>
    <folder>Umbrella</folder>
    <filename>img-59.jpg</filename>
    <size>
        <width>1024</width>
        <height>686</height>
        <depth>3</depth>
    </size>
    <segmented>0</segmented>
    <object>
        <name>Umbrella</name>
        <pose>Unspecified</pose>
        <truncated>0</truncated>
        <occluded>0</occluded>
        <difficult>0</difficult>
        <bndbox>
            <xmin>534</xmin>
            <ymin>128</ymin>
            <xmax>711</xmax>
            <ymax>214</ymax>
        </bndbox>
    </object>
</annotation>