<annotation>
    <folder>Umbrella</folder>
    <filename>img-172.jpg</filename>
    <size>
        <width>1024</width>
        <height>681</height>
        <depth>3</depth>
    </size>
    <segmented>0</segmented>
    <object>
        <name>Umbrella</name>
        <pose>Unspecified</pose>
        <truncated>0</truncated>
        <occluded>0</occluded>
        <difficult>0</difficult>
        <bndbox>
            <xmin>691</xmin>
            <ymin>307</ymin>
            <xmax>827</xmax>
            <ymax>361</ymax>
        </bndbox>
    </object>
    <object>
        <name>Umbrella</name>
        <pose>Unspecified</pose>
        <truncated>0</truncated>
        <occluded>0</occluded>
        <difficult>0</difficult>
        <bndbox>
            <xmin>300</xmin>
            <ymin>293</ymin>
            <xmax>428</xmax>
            <ymax>343</ymax>
        </bndbox>
    </object>
    <object>
        <name>Umbrella</name>
        <pose>Unspecified</pose>
        <truncated>0</truncated>
        <occluded>0</occluded>
        <difficult>0</difficult>
        <bndbox>
            <xmin>475</xmin>
            <ymin>272</ymin>
            <xmax>643</xmax>
            <ymax>343</ymax>
        </bndbox>
    </object>
</annotation>