<annotation>
    <folder>Umbrella</folder>
    <filename>img-85.jpg</filename>
    <size>
        <width>1024</width>
        <height>768</height>
        <depth>3</depth>
    </size>
    <segmented>0</segmented>
    <object>
        <name>Umbrella</name>
        <pose>Unspecified</pose>
        <truncated>0</truncated>
        <occluded>0</occluded>
        <difficult>0</difficult>
        <bndbox>
            <xmin>282</xmin>
            <ymin>244</ymin>
            <xmax>448</xmax>
            <ymax>331</ymax>
        </bndbox>
    </object>
    <object>
        <name>Umbrella</name>
        <pose>Unspecified</pose>
        <truncated>0</truncated>
        <occluded>0</occluded>
        <difficult>0</difficult>
        <bndbox>
            <xmin>673</xmin>
            <ymin>217</ymin>
            <xmax>964</xmax>
            <ymax>307</ymax>
        </bndbox>
    </object>
    <object>
        <name>Umbrella</name>
        <pose>Unspecified</pose>
        <truncated>0</truncated>
        <occluded>0</occluded>
        <difficult>0</difficult>
        <bndbox>
            <xmin>30</xmin>
            <ymin>111</ymin>
            <xmax>431</xmax>
            <ymax>267</ymax>
        </bndbox>
    </object>
</annotation>