<annotation>
    <folder>Umbrella</folder>
    <filename>img-92.jpg</filename>
    <size>
        <width>1024</width>
        <height>577</height>
        <depth>3</depth>
    </size>
    <segmented>0</segmented>
    <object>
        <name>Umbrella</name>
        <pose>Unspecified</pose>
        <truncated>0</truncated>
        <occluded>0</occluded>
        <difficult>0</difficult>
        <bndbox>
            <xmin>631</xmin>
            <ymin>101</ymin>
            <xmax>877</xmax>
            <ymax>224</ymax>
        </bndbox>
    </object>
    <object>
        <name>Umbrella</name>
        <pose>Unspecified</pose>
        <truncated>0</truncated>
        <occluded>0</occluded>
        <difficult>0</difficult>
        <bndbox>
            <xmin>353</xmin>
            <ymin>115</ymin>
            <xmax>594</xmax>
            <ymax>204</ymax>
        </bndbox>
    </object>
</annotation>