<annotation>
    <folder>Umbrella</folder>
    <filename>img-156.jpg</filename>
    <size>
        <width>1024</width>
        <height>768</height>
        <depth>3</depth>
    </size>
    <segmented>0</segmented>
    <object>
        <name>Umbrella</name>
        <pose>Unspecified</pose>
        <truncated>0</truncated>
        <occluded>0</occluded>
        <difficult>0</difficult>
        <bndbox>
            <xmin>660</xmin>
            <ymin>426</ymin>
            <xmax>745</xmax>
            <ymax>469</ymax>
        </bndbox>
    </object>
    <object>
        <name>Umbrella</name>
        <pose>Unspecified</pose>
        <truncated>0</truncated>
        <occluded>0</occluded>
        <difficult>0</difficult>
        <bndbox>
            <xmin>457</xmin>
            <ymin>366</ymin>
            <xmax>629</xmax>
            <ymax>427</ymax>
        </bndbox>
    </object>
</annotation>