<annotation>
    <folder>Umbrella</folder>
    <filename>img-237.jpg</filename>
    <size>
        <width>1024</width>
        <height>673</height>
        <depth>3</depth>
    </size>
    <segmented>0</segmented>
    <object>
        <name>Umbrella</name>
        <pose>Unspecified</pose>
        <truncated>0</truncated>
        <occluded>0</occluded>
        <difficult>0</difficult>
        <bndbox>
            <xmin>513</xmin>
            <ymin>299</ymin>
            <xmax>1024</xmax>
            <ymax>571</ymax>
        </bndbox>
    </object>
    <object>
        <name>Umbrella</name>
        <pose>Unspecified</pose>
        <truncated>0</truncated>
        <occluded>0</occluded>
        <difficult>0</difficult>
        <bndbox>
            <xmin>1</xmin>
            <ymin>254</ymin>
            <xmax>289</xmax>
            <ymax>391</ymax>
        </bndbox>
    </object>
</annotation>