<annotation>
    <folder>Umbrella</folder>
    <filename>img-250.jpg</filename>
    <size>
        <width>1024</width>
        <height>732</height>
        <depth>3</depth>
    </size>
    <segmented>0</segmented>
    <object>
        <name>Umbrella</name>
        <pose>Unspecified</pose>
        <truncated>0</truncated>
        <occluded>0</occluded>
        <difficult>0</difficult>
        <bndbox>
            <xmin>188</xmin>
            <ymin>408</ymin>
            <xmax>375</xmax>
            <ymax>452</ymax>
        </bndbox>
    </object>
    <object>
        <name>Umbrella</name>
        <pose>Unspecified</pose>
        <truncated>0</truncated>
        <occluded>0</occluded>
        <difficult>0</difficult>
        <bndbox>
            <xmin>537</xmin>
            <ymin>415</ymin>
            <xmax>727</xmax>
            <ymax>478</ymax>
        </bndbox>
    </object>
</annotation>