<annotation>
    <folder>Umbrella</folder>
    <filename>img-146.jpg</filename>
    <size>
        <width>1024</width>
        <height>768</height>
        <depth>3</depth>
    </size>
    <segmented>0</segmented>
    <object>
        <name>Umbrella</name>
        <pose>Unspecified</pose>
        <truncated>0</truncated>
        <occluded>0</occluded>
        <difficult>0</difficult>
        <bndbox>
            <xmin>687</xmin>
            <ymin>315</ymin>
            <xmax>1024</xmax>
            <ymax>434</ymax>
        </bndbox>
    </object>
    <object>
        <name>Umbrella</name>
        <pose>Unspecified</pose>
        <truncated>0</truncated>
        <occluded>0</occluded>
        <difficult>0</difficult>
        <bndbox>
            <xmin>86</xmin>
            <ymin>221</ymin>
            <xmax>708</xmax>
            <ymax>391</ymax>
        </bndbox>
    </object>
</annotation>