<annotation>
    <folder>Umbrella</folder>
    <filename>img-99.jpg</filename>
    <size>
        <width>1024</width>
        <height>768</height>
        <depth>3</depth>
    </size>
    <segmented>0</segmented>
    <object>
        <name>Umbrella</name>
        <pose>Unspecified</pose>
        <truncated>0</truncated>
        <occluded>0</occluded>
        <difficult>0</difficult>
        <bndbox>
            <xmin>621</xmin>
            <ymin>204</ymin>
            <xmax>860</xmax>
            <ymax>295</ymax>
        </bndbox>
    </object>
    <object>
        <name>Umbrella</name>
        <pose>Unspecified</pose>
        <truncated>0</truncated>
        <occluded>0</occluded>
        <difficult>0</difficult>
        <bndbox>
            <xmin>130</xmin>
            <ymin>247</ymin>
            <xmax>320</xmax>
            <ymax>302</ymax>
        </bndbox>
    </object>
    <object>
        <name>Umbrella</name>
        <pose>Unspecified</pose>
        <truncated>0</truncated>
        <occluded>0</occluded>
        <difficult>0</difficult>
        <bndbox>
            <xmin>337</xmin>
            <ymin>97</ymin>
            <xmax>779</xmax>
            <ymax>222</ymax>
        </bndbox>
    </object>
</annotation>