<annotation>
    <folder>Umbrella</folder>
    <filename>img-213.jpg</filename>
    <size>
        <width>1024</width>
        <height>680</height>
        <depth>3</depth>
    </size>
    <segmented>0</segmented>
    <object>
        <name>Umbrella</name>
        <pose>Unspecified</pose>
        <truncated>0</truncated>
        <occluded>0</occluded>
        <difficult>0</difficult>
        <bndbox>
            <xmin>1</xmin>
            <ymin>332</ymin>
            <xmax>149</xmax>
            <ymax>413</ymax>
        </bndbox>
    </object>
    <object>
        <name>Umbrella</name>
        <pose>Unspecified</pose>
        <truncated>0</truncated>
        <occluded>0</occluded>
        <difficult>0</difficult>
        <bndbox>
            <xmin>759</xmin>
            <ymin>333</ymin>
            <xmax>1024</xmax>
            <ymax>456</ymax>
        </bndbox>
    </object>
    <object>
        <name>Umbrella</name>
        <pose>Unspecified</pose>
        <truncated>0</truncated>
        <occluded>0</occluded>
        <difficult>0</difficult>
        <bndbox>
            <xmin>414</xmin>
            <ymin>307</ymin>
            <xmax>744</xmax>
            <ymax>593</ymax>
        </bndbox>
    </object>
</annotation>