<annotation>
    <folder>Umbrella</folder>
    <filename>img-73.jpg</filename>
    <size>
        <width>1024</width>
        <height>766</height>
        <depth>3</depth>
    </size>
    <segmented>0</segmented>
    <object>
        <name>Umbrella</name>
        <pose>Unspecified</pose>
        <truncated>0</truncated>
        <occluded>0</occluded>
        <difficult>0</difficult>
        <bndbox>
            <xmin>1</xmin>
            <ymin>1</ymin>
            <xmax>569</xmax>
            <ymax>147</ymax>
        </bndbox>
    </object>
    <object>
        <name>Umbrella</name>
        <pose>Unspecified</pose>
        <truncated>0</truncated>
        <occluded>0</occluded>
        <difficult>0</difficult>
        <bndbox>
            <xmin>1</xmin>
            <ymin>131</ymin>
            <xmax>365</xmax>
            <ymax>225</ymax>
        </bndbox>
    </object>
</annotation>