<annotation>
    <folder>Umbrella</folder>
    <filename>img-148.jpg</filename>
    <size>
        <width>1024</width>
        <height>676</height>
        <depth>3</depth>
    </size>
    <segmented>0</segmented>
    <object>
        <name>Umbrella</name>
        <pose>Unspecified</pose>
        <truncated>0</truncated>
        <occluded>0</occluded>
        <difficult>0</difficult>
        <bndbox>
            <xmin>517</xmin>
            <ymin>82</ymin>
            <xmax>907</xmax>
            <ymax>169</ymax>
        </bndbox>
    </object>
    <object>
        <name>Umbrella</name>
        <pose>Unspecified</pose>
        <truncated>0</truncated>
        <occluded>0</occluded>
        <difficult>0</difficult>
        <bndbox>
            <xmin>413</xmin>
            <ymin>103</ymin>
            <xmax>712</xmax>
            <ymax>198</ymax>
        </bndbox>
    </object>
    <object>
        <name>Umbrella</name>
        <pose>Unspecified</pose>
        <truncated>0</truncated>
        <occluded>0</occluded>
        <difficult>0</difficult>
        <bndbox>
            <xmin>72</xmin>
            <ymin>61</ymin>
            <xmax>443</xmax>
            <ymax>165</ymax>
        </bndbox>
    </object>
</annotation>