<annotation>
    <folder>Umbrella</folder>
    <filename>img-215.jpg</filename>
    <size>
        <width>1024</width>
        <height>576</height>
        <depth>3</depth>
    </size>
    <segmented>0</segmented>
    <object>
        <name>Umbrella</name>
        <pose>Unspecified</pose>
        <truncated>0</truncated>
        <occluded>0</occluded>
        <difficult>0</difficult>
        <bndbox>
            <xmin>1</xmin>
            <ymin>9</ymin>
            <xmax>378</xmax>
            <ymax>147</ymax>
        </bndbox>
    </object>
    <object>
        <name>Umbrella</name>
        <pose>Unspecified</pose>
        <truncated>0</truncated>
        <occluded>0</occluded>
        <difficult>0</difficult>
        <bndbox>
            <xmin>354</xmin>
            <ymin>44</ymin>
            <xmax>681</xmax>
            <ymax>158</ymax>
        </bndbox>
    </object>
</annotation>