<annotation>
    <folder>Umbrella</folder>
    <filename>img-254.jpg</filename>
    <size>
        <width>1024</width>
        <height>550</height>
        <depth>3</depth>
    </size>
    <segmented>0</segmented>
    <object>
        <name>Umbrella</name>
        <pose>Unspecified</pose>
        <truncated>0</truncated>
        <occluded>0</occluded>
        <difficult>0</difficult>
        <bndbox>
            <xmin>157</xmin>
            <ymin>85</ymin>
            <xmax>291</xmax>
            <ymax>132</ymax>
        </bndbox>
    </object>
    <object>
        <name>Umbrella</name>
        <pose>Unspecified</pose>
        <truncated>0</truncated>
        <occluded>0</occluded>
        <difficult>0</difficult>
        <bndbox>
            <xmin>84</xmin>
            <ymin>78</ymin>
            <xmax>215</xmax>
            <ymax>129</ymax>
        </bndbox>
    </object>
</annotation>