<annotation>
    <folder>Umbrella</folder>
    <filename>img-268.jpg</filename>
    <size>
        <width>1024</width>
        <height>682</height>
        <depth>3</depth>
    </size>
    <segmented>0</segmented>
    <object>
        <name>Umbrella</name>
        <pose>Unspecified</pose>
        <truncated>0</truncated>
        <occluded>0</occluded>
        <difficult>0</difficult>
        <bndbox>
            <xmin>34</xmin>
            <ymin>146</ymin>
            <xmax>541</xmax>
            <ymax>433</ymax>
        </bndbox>
    </object>
</annotation>