<annotation>
    <folder>Umbrella</folder>
    <filename>img-154.jpg</filename>
    <size>
        <width>1024</width>
        <height>683</height>
        <depth>3</depth>
    </size>
    <segmented>0</segmented>
    <object>
        <name>Umbrella</name>
        <pose>Unspecified</pose>
        <truncated>0</truncated>
        <occluded>0</occluded>
        <difficult>0</difficult>
        <bndbox>
            <xmin>594</xmin>
            <ymin>381</ymin>
            <xmax>718</xmax>
            <ymax>441</ymax>
        </bndbox>
    </object>
    <object>
        <name>Umbrella</name>
        <pose>Unspecified</pose>
        <truncated>0</truncated>
        <occluded>0</occluded>
        <difficult>0</difficult>
        <bndbox>
            <xmin>625</xmin>
            <ymin>393</ymin>
            <xmax>897</xmax>
            <ymax>519</ymax>
        </bndbox>
    </object>
</annotation>