<annotation>
    <folder>Umbrella</folder>
    <filename>img-8.jpg</filename>
    <size>
        <width>1024</width>
        <height>680</height>
        <depth>3</depth>
    </size>
    <segmented>0</segmented>
    <object>
        <name>Umbrella</name>
        <pose>Unspecified</pose>
        <truncated>0</truncated>
        <occluded>0</occluded>
        <difficult>0</difficult>
        <bndbox>
            <xmin>598</xmin>
            <ymin>206</ymin>
            <xmax>668</xmax>
            <ymax>244</ymax>
        </bndbox>
    </object>
    <object>
        <name>Umbrella</name>
        <pose>Unspecified</pose>
        <truncated>0</truncated>
        <occluded>0</occluded>
        <difficult>0</difficult>
        <bndbox>
            <xmin>650</xmin>
            <ymin>235</ymin>
            <xmax>847</xmax>
            <ymax>325</ymax>
        </bndbox>
    </object>
    <object>
        <name>Umbrella</name>
        <pose>Unspecified</pose>
        <truncated>0</truncated>
        <occluded>0</occluded>
        <difficult>0</difficult>
        <bndbox>
            <xmin>221</xmin>
            <ymin>257</ymin>
            <xmax>358</xmax>
            <ymax>310</ymax>
        </bndbox>
    </object>
    <object>
        <name>Umbrella</name>
        <pose>Unspecified</pose>
        <truncated>0</truncated>
        <occluded>0</occluded>
        <difficult>0</difficult>
        <bndbox>
            <xmin>46</xmin>
            <ymin>344</ymin>
            <xmax>444</xmax>
            <ymax>539</ymax>
        </bndbox>
    </object>
</annotation>