<annotation>
    <folder>Umbrella</folder>
    <filename>img-208.jpg</filename>
    <size>
        <width>1024</width>
        <height>682</height>
        <depth>3</depth>
    </size>
    <segmented>0</segmented>
    <object>
        <name>Umbrella</name>
        <pose>Unspecified</pose>
        <truncated>0</truncated>
        <occluded>0</occluded>
        <difficult>0</difficult>
        <bndbox>
            <xmin>69</xmin>
            <ymin>52</ymin>
            <xmax>587</xmax>
            <ymax>420</ymax>
        </bndbox>
    </object>
</annotation>