<annotation>
    <folder>Umbrella</folder>
    <filename>img-272.jpg</filename>
    <size>
        <width>1024</width>
        <height>768</height>
        <depth>3</depth>
    </size>
    <segmented>0</segmented>
    <object>
        <name>Umbrella</name>
        <pose>Unspecified</pose>
        <truncated>0</truncated>
        <occluded>0</occluded>
        <difficult>0</difficult>
        <bndbox>
            <xmin>410</xmin>
            <ymin>364</ymin>
            <xmax>509</xmax>
            <ymax>410</ymax>
        </bndbox>
    </object>
    <object>
        <name>Umbrella</name>
        <pose>Unspecified</pose>
        <truncated>0</truncated>
        <occluded>0</occluded>
        <difficult>0</difficult>
        <bndbox>
            <xmin>220</xmin>
            <ymin>362</ymin>
            <xmax>388</xmax>
            <ymax>419</ymax>
        </bndbox>
    </object>
</annotation>