<annotation>
    <folder>Umbrella</folder>
    <filename>img-259.jpg</filename>
    <size>
        <width>1024</width>
        <height>708</height>
        <depth>3</depth>
    </size>
    <segmented>0</segmented>
    <object>
        <name>Umbrella</name>
        <pose>Unspecified</pose>
        <truncated>0</truncated>
        <occluded>0</occluded>
        <difficult>0</difficult>
        <bndbox>
            <xmin>293</xmin>
            <ymin>336</ymin>
            <xmax>617</xmax>
            <ymax>490</ymax>
        </bndbox>
    </object>
</annotation>