<annotation>
    <folder>Umbrella</folder>
    <filename>img-6.jpg</filename>
    <size>
        <width>843</width>
        <height>1024</height>
        <depth>3</depth>
    </size>
    <segmented>0</segmented>
    <object>
        <name>Umbrella</name>
        <pose>Unspecified</pose>
        <truncated>0</truncated>
        <occluded>0</occluded>
        <difficult>0</difficult>
        <bndbox>
            <xmin>302</xmin>
            <ymin>188</ymin>
            <xmax>539</xmax>
            <ymax>291</ymax>
        </bndbox>
    </object>
</annotation>