<annotation>
    <folder>Umbrella</folder>
    <filename>img-240.jpg</filename>
    <size>
        <width>1024</width>
        <height>713</height>
        <depth>3</depth>
    </size>
    <segmented>0</segmented>
    <object>
        <name>Umbrella</name>
        <pose>Unspecified</pose>
        <truncated>0</truncated>
        <occluded>0</occluded>
        <difficult>0</difficult>
        <bndbox>
            <xmin>303</xmin>
            <ymin>257</ymin>
            <xmax>510</xmax>
            <ymax>317</ymax>
        </bndbox>
    </object>
</annotation>