<annotation>
    <folder>Umbrella</folder>
    <filename>img-168.jpg</filename>
    <size>
        <width>1024</width>
        <height>686</height>
        <depth>3</depth>
    </size>
    <segmented>0</segmented>
    <object>
        <name>Umbrella</name>
        <pose>Unspecified</pose>
        <truncated>0</truncated>
        <occluded>0</occluded>
        <difficult>0</difficult>
        <bndbox>
            <xmin>199</xmin>
            <ymin>280</ymin>
            <xmax>315</xmax>
            <ymax>344</ymax>
        </bndbox>
    </object>
    <object>
        <name>Umbrella</name>
        <pose>Unspecified</pose>
        <truncated>0</truncated>
        <occluded>0</occluded>
        <difficult>0</difficult>
        <bndbox>
            <xmin>310</xmin>
            <ymin>230</ymin>
            <xmax>475</xmax>
            <ymax>299</ymax>
        </bndbox>
    </object>
</annotation>