<annotation>
    <folder>Umbrella</folder>
    <filename>img-132.jpg</filename>
    <size>
        <width>1024</width>
        <height>683</height>
        <depth>3</depth>
    </size>
    <segmented>0</segmented>
    <object>
        <name>Umbrella</name>
        <pose>Unspecified</pose>
        <truncated>0</truncated>
        <occluded>0</occluded>
        <difficult>0</difficult>
        <bndbox>
            <xmin>327</xmin>
            <ymin>182</ymin>
            <xmax>654</xmax>
            <ymax>353</ymax>
        </bndbox>
    </object>
    <object>
        <name>Umbrella</name>
        <pose>Unspecified</pose>
        <truncated>0</truncated>
        <occluded>0</occluded>
        <difficult>0</difficult>
        <bndbox>
            <xmin>793</xmin>
            <ymin>183</ymin>
            <xmax>1022</xmax>
            <ymax>309</ymax>
        </bndbox>
    </object>
    <object>
        <name>Umbrella</name>
        <pose>Unspecified</pose>
        <truncated>0</truncated>
        <occluded>0</occluded>
        <difficult>0</difficult>
        <bndbox>
            <xmin>318</xmin>
            <ymin>45</ymin>
            <xmax>590</xmax>
            <ymax>152</ymax>
        </bndbox>
    </object>
</annotation>