<annotation>
    <folder>Umbrella</folder>
    <filename>img-122.jpg</filename>
    <size>
        <width>1024</width>
        <height>768</height>
        <depth>3</depth>
    </size>
    <segmented>0</segmented>
    <object>
        <name>Umbrella</name>
        <pose>Unspecified</pose>
        <truncated>0</truncated>
        <occluded>0</occluded>
        <difficult>0</difficult>
        <bndbox>
            <xmin>825</xmin>
            <ymin>371</ymin>
            <xmax>909</xmax>
            <ymax>410</ymax>
        </bndbox>
    </object>
    <object>
        <name>Umbrella</name>
        <pose>Unspecified</pose>
        <truncated>0</truncated>
        <occluded>0</occluded>
        <difficult>0</difficult>
        <bndbox>
            <xmin>652</xmin>
            <ymin>346</ymin>
            <xmax>739</xmax>
            <ymax>379</ymax>
        </bndbox>
    </object>
    <object>
        <name>Umbrella</name>
        <pose>Unspecified</pose>
        <truncated>0</truncated>
        <occluded>0</occluded>
        <difficult>0</difficult>
        <bndbox>
            <xmin>936</xmin>
            <ymin>143</ymin>
            <xmax>1024</xmax>
            <ymax>229</ymax>
        </bndbox>
    </object>
    <object>
        <name>Umbrella</name>
        <pose>Unspecified</pose>
        <truncated>0</truncated>
        <occluded>0</occluded>
        <difficult>0</difficult>
        <bndbox>
            <xmin>641</xmin>
            <ymin>390</ymin>
            <xmax>796</xmax>
            <ymax>448</ymax>
        </bndbox>
    </object>
    <object>
        <name>Umbrella</name>
        <pose>Unspecified</pose>
        <truncated>0</truncated>
        <occluded>0</occluded>
        <difficult>0</difficult>
        <bndbox>
            <xmin>411</xmin>
            <ymin>405</ymin>
            <xmax>528</xmax>
            <ymax>465</ymax>
        </bndbox>
    </object>
</annotation>