<annotation>
    <folder>Umbrella</folder>
    <filename>img-54.jpg</filename>
    <size>
        <width>1024</width>
        <height>678</height>
        <depth>3</depth>
    </size>
    <segmented>0</segmented>
    <object>
        <name>Umbrella</name>
        <pose>Unspecified</pose>
        <truncated>0</truncated>
        <occluded>0</occluded>
        <difficult>0</difficult>
        <bndbox>
            <xmin>90</xmin>
            <ymin>18</ymin>
            <xmax>647</xmax>
            <ymax>189</ymax>
        </bndbox>
    </object>
    <object>
        <name>Umbrella</name>
        <pose>Unspecified</pose>
        <truncated>0</truncated>
        <occluded>0</occluded>
        <difficult>0</difficult>
        <bndbox>
            <xmin>466</xmin>
            <ymin>9</ymin>
            <xmax>1024</xmax>
            <ymax>177</ymax>
        </bndbox>
    </object>
</annotation>