<annotation>
    <folder>Umbrella</folder>
    <filename>img-68.jpg</filename>
    <size>
        <width>1024</width>
        <height>821</height>
        <depth>3</depth>
    </size>
    <segmented>0</segmented>
    <object>
        <name>Umbrella</name>
        <pose>Unspecified</pose>
        <truncated>0</truncated>
        <occluded>0</occluded>
        <difficult>0</difficult>
        <bndbox>
            <xmin>731</xmin>
            <ymin>359</ymin>
            <xmax>882</xmax>
            <ymax>441</ymax>
        </bndbox>
    </object>
    <object>
        <name>Umbrella</name>
        <pose>Unspecified</pose>
        <truncated>0</truncated>
        <occluded>0</occluded>
        <difficult>0</difficult>
        <bndbox>
            <xmin>518</xmin>
            <ymin>334</ymin>
            <xmax>716</xmax>
            <ymax>403</ymax>
        </bndbox>
    </object>
</annotation>