<annotation>
    <folder>Umbrella</folder>
    <filename>img-53.jpg</filename>
    <size>
        <width>1024</width>
        <height>683</height>
        <depth>3</depth>
    </size>
    <segmented>0</segmented>
    <object>
        <name>Umbrella</name>
        <pose>Unspecified</pose>
        <truncated>0</truncated>
        <occluded>0</occluded>
        <difficult>0</difficult>
        <bndbox>
            <xmin>612</xmin>
            <ymin>228</ymin>
            <xmax>720</xmax>
            <ymax>278</ymax>
        </bndbox>
    </object>
    <object>
        <name>Umbrella</name>
        <pose>Unspecified</pose>
        <truncated>0</truncated>
        <occluded>0</occluded>
        <difficult>0</difficult>
        <bndbox>
            <xmin>277</xmin>
            <ymin>202</ymin>
            <xmax>443</xmax>
            <ymax>276</ymax>
        </bndbox>
    </object>
</annotation>