<annotation>
    <folder>Umbrella</folder>
    <filename>img-51.jpg</filename>
    <size>
        <width>768</width>
        <height>768</height>
        <depth>3</depth>
    </size>
    <segmented>0</segmented>
    <object>
        <name>Umbrella</name>
        <pose>Unspecified</pose>
        <truncated>0</truncated>
        <occluded>0</occluded>
        <difficult>0</difficult>
        <bndbox>
            <xmin>116</xmin>
            <ymin>7</ymin>
            <xmax>626</xmax>
            <ymax>287</ymax>
        </bndbox>
    </object>
</annotation>