<annotation>
    <folder>Umbrella</folder>
    <filename>img-245.jpg</filename>
    <size>
        <width>1024</width>
        <height>768</height>
        <depth>3</depth>
    </size>
    <segmented>0</segmented>
    <object>
        <name>Umbrella</name>
        <pose>Unspecified</pose>
        <truncated>0</truncated>
        <occluded>0</occluded>
        <difficult>0</difficult>
        <bndbox>
            <xmin>548</xmin>
            <ymin>357</ymin>
            <xmax>683</xmax>
            <ymax>404</ymax>
        </bndbox>
    </object>
    <object>
        <name>Umbrella</name>
        <pose>Unspecified</pose>
        <truncated>0</truncated>
        <occluded>0</occluded>
        <difficult>0</difficult>
        <bndbox>
            <xmin>601</xmin>
            <ymin>431</ymin>
            <xmax>799</xmax>
            <ymax>494</ymax>
        </bndbox>
    </object>
</annotation>