<annotation>
    <folder>Umbrella</folder>
    <filename>img-140.jpg</filename>
    <size>
        <width>948</width>
        <height>1024</height>
        <depth>3</depth>
    </size>
    <segmented>0</segmented>
    <object>
        <name>Umbrella</name>
        <pose>Unspecified</pose>
        <truncated>0</truncated>
        <occluded>0</occluded>
        <difficult>0</difficult>
        <bndbox>
            <xmin>3</xmin>
            <ymin>311</ymin>
            <xmax>236</xmax>
            <ymax>400</ymax>
        </bndbox>
    </object>
    <object>
        <name>Umbrella</name>
        <pose>Unspecified</pose>
        <truncated>0</truncated>
        <occluded>0</occluded>
        <difficult>0</difficult>
        <bndbox>
            <xmin>82</xmin>
            <ymin>145</ymin>
            <xmax>726</xmax>
            <ymax>350</ymax>
        </bndbox>
    </object>
</annotation>