<annotation>
    <folder>Umbrella</folder>
    <filename>img-115.jpg</filename>
    <size>
        <width>1024</width>
        <height>641</height>
        <depth>3</depth>
    </size>
    <segmented>0</segmented>
    <object>
        <name>Umbrella</name>
        <pose>Unspecified</pose>
        <truncated>0</truncated>
        <occluded>0</occluded>
        <difficult>0</difficult>
        <bndbox>
            <xmin>76</xmin>
            <ymin>130</ymin>
            <xmax>383</xmax>
            <ymax>239</ymax>
        </bndbox>
    </object>
</annotation>