<annotation>
    <folder>Umbrella</folder>
    <filename>img-102.jpg</filename>
    <size>
        <width>1024</width>
        <height>685</height>
        <depth>3</depth>
    </size>
    <segmented>0</segmented>
    <object>
        <name>Umbrella</name>
        <pose>Unspecified</pose>
        <truncated>0</truncated>
        <occluded>0</occluded>
        <difficult>0</difficult>
        <bndbox>
            <xmin>570</xmin>
            <ymin>248</ymin>
            <xmax>755</xmax>
            <ymax>361</ymax>
        </bndbox>
    </object>
    <object>
        <name>Umbrella</name>
        <pose>Unspecified</pose>
        <truncated>0</truncated>
        <occluded>0</occluded>
        <difficult>0</difficult>
        <bndbox>
            <xmin>384</xmin>
            <ymin>273</ymin>
            <xmax>638</xmax>
            <ymax>425</ymax>
        </bndbox>
    </object>
    <object>
        <name>Umbrella</name>
        <pose>Unspecified</pose>
        <truncated>0</truncated>
        <occluded>0</occluded>
        <difficult>0</difficult>
        <bndbox>
            <xmin>80</xmin>
            <ymin>340</ymin>
            <xmax>471</xmax>
            <ymax>518</ymax>
        </bndbox>
    </object>
</annotation>