<annotation>
    <folder>Umbrella</folder>
    <filename>img-270.jpg</filename>
    <size>
        <width>1024</width>
        <height>768</height>
        <depth>3</depth>
    </size>
    <segmented>0</segmented>
    <object>
        <name>Umbrella</name>
        <pose>Unspecified</pose>
        <truncated>0</truncated>
        <occluded>0</occluded>
        <difficult>0</difficult>
        <bndbox>
            <xmin>769</xmin>
            <ymin>559</ymin>
            <xmax>897</xmax>
            <ymax>602</ymax>
        </bndbox>
    </object>
    <object>
        <name>Umbrella</name>
        <pose>Unspecified</pose>
        <truncated>0</truncated>
        <occluded>0</occluded>
        <difficult>0</difficult>
        <bndbox>
            <xmin>401</xmin>
            <ymin>533</ymin>
            <xmax>529</xmax>
            <ymax>589</ymax>
        </bndbox>
    </object>
</annotation>