<annotation>
    <folder>Umbrella</folder>
    <filename>img-98.jpg</filename>
    <size>
        <width>1024</width>
        <height>768</height>
        <depth>3</depth>
    </size>
    <segmented>0</segmented>
    <object>
        <name>Umbrella</name>
        <pose>Unspecified</pose>
        <truncated>0</truncated>
        <occluded>0</occluded>
        <difficult>0</difficult>
        <bndbox>
            <xmin>632</xmin>
            <ymin>5</ymin>
            <xmax>1024</xmax>
            <ymax>125</ymax>
        </bndbox>
    </object>
    <object>
        <name>Umbrella</name>
        <pose>Unspecified</pose>
        <truncated>0</truncated>
        <occluded>0</occluded>
        <difficult>0</difficult>
        <bndbox>
            <xmin>728</xmin>
            <ymin>226</ymin>
            <xmax>1024</xmax>
            <ymax>336</ymax>
        </bndbox>
    </object>
</annotation>