<annotation>
    <folder>Umbrella</folder>
    <filename>img-279.jpg</filename>
    <size>
        <width>949</width>
        <height>1024</height>
        <depth>3</depth>
    </size>
    <segmented>0</segmented>
    <object>
        <name>Umbrella</name>
        <pose>Unspecified</pose>
        <truncated>0</truncated>
        <occluded>0</occluded>
        <difficult>0</difficult>
        <bndbox>
            <xmin>572</xmin>
            <ymin>104</ymin>
            <xmax>949</xmax>
            <ymax>332</ymax>
        </bndbox>
    </object>
    <object>
        <name>Umbrella</name>
        <pose>Unspecified</pose>
        <truncated>0</truncated>
        <occluded>0</occluded>
        <difficult>0</difficult>
        <bndbox>
            <xmin>62</xmin>
            <ymin>82</ymin>
            <xmax>534</xmax>
            <ymax>320</ymax>
        </bndbox>
    </object>
</annotation>